read_id	in_tsv	tsv_alleles	primary_found	primary_ref_start	primary_ref_end	read_pos_start	read_pos_end	seq_between_coords	other_alignments	other_alignment_flags	strand	notes
0495e999-ea02-44b3-a1a8-d494e710a29e	yes	8.1	yes	66484007	66493717	6403	6439	AATAAAATAAAATAAAATAAAATAAAATAAAATAAAA	0		+	
29c5fc45-c3d7-46c6-b8c5-02bd597d7936	yes	8.1	yes	66485052	66494881	5354	5407	AAAATAAAATAAAATAAAATAAAATAAAATAAAATAAAATAAAATAAAATAAAA	0		-	
22ae5042-5c01-4ab3-97ea-009db7e6cffd	yes	8.1	yes	66485052	66494881	5362	5415	AAAATAAAATAAAATAAAATAAAATAAAATAAAATAAAATAAAATAAAATAAAA	0		+	
bed1bcf3-7ac6-4392-8dbd-1b251b5cd7d1	yes	8.1	yes	66487006	66497811	3390	3436	AAAATAAAATAAAATAAAATAAAATAAAATAAAATAAAATAATAAAA	0		-	
e5242176-61e5-49a6-aef4-b8bd78a4f2c6	yes	8.1	yes	66488818	66501442	1603	1644	AATAAAATAAAATAAAATAAAATAAAATAAAATAAAATAAAA	0		+	
a37f529d-ff54-4d95-9bbd-b02638eedc12	yes	8.1	yes	66476105	66492980	14316	14357	AATAAAATAAAATAAAATAAAATAAAATAAAATAAAATAAAA	0		+	
73081755-c7d4-4051-bbc0-3646994d174f	yes	8.1	yes	66484604	66491550	5783	5845	AAAATAAAATAAAATAAAATAAAATAAAATAAATAAAATAAAATAAAATAAAATAAAATAAAA	0		-	
349312c8-251b-4c42-9fdf-050ce1e718b9	yes	8.1	yes	66486288	66496602	4146	4199	AAAATAAAATAAAATAAAATAAAATAAAATAAAATAAAATAAAATAAAATAAAA	0		+	
377518db-cf8c-43d2-897c-fcbae4fe41bb	yes	8.1	yes	66481410	66495216	20767	20808	AATAAAATAAAATAAAATAAAATAAAATAAAATAAAATAAAA	0		-	
d6c1c787-1a01-4385-a310-060509d4eceb	yes	8.1	yes	66485212	66492136	5212	5253	AATAAAATAAAATAAAATAAAATAAAATAAAATAAAATAAAA	0		+	
9142be6d-f2b2-43e5-8c3d-ea8f64caede0	yes	8.1	yes	66485213	66492135	5156	5197	AATAAAATAAAATAAAATAAAATAAAATAAAATAAAATAAAA	0		-	
639d1414-c666-4fe7-98ef-0ed7f27e6bf9	yes	8.1	yes	66480420	66497301	9997	10038	AATAAAATAAAATAAAATAAAATAAAATAAAATAAAATAAAA	0		+	
1b10d6ff-f7ae-4a53-b5da-63c13d267c33	yes	8.1	yes	66487997	66495382	2423	2464	AATAAAATAAAATAAAATAAAATAAAATAAAATAAAATAAAA	0		+	
43a6b23e-ea82-4cca-99f5-0411178f6634	yes	8.1	yes	66488730	66494624	1705	1758	AAAATAAAATAAAATAAAATAAAATAAAATAAAATAAAATAAAATAAAATAAAA	0		+	
97200067-b5ba-48ed-bbb7-aa75c74330b1	yes	8.1	yes	66488194	66496275	2197	2238	AATAAAATAAAATAAAATAAAATAAAATAAAATAAAATAAAA	0		-	
10251b7b-f851-491c-92bc-e23df2664385	yes	8.1	yes	66488538	66497956	1868	1925	AAAATAAAATAAAATAAAATAAAATAAAATAAATAAAATAAAATAAAATAAAATAAAA	0		-	
3554886a-df39-477b-88a1-f5cc218a7774	yes	8.1	yes	66484715	66498422	5692	5745	AAAATAAAATAAAATAAAATAAAATAAAATAAAATAAAATAAAATAAAATAAAA	0		-	
d858e2a6-dcd7-43ab-ab54-b09dcf8b1128	yes	8.1	yes	66483481	66491898	6953	6994	AATAAAATAAAATAAAATAAAATAAAATAAAATAAAATAAAA	0		+	
80a40252-1193-4628-acc9-669b32e9e7ad	yes	8.1	yes	66486696	66499164	3713	3759	AAAATAAAATAAAATAAAATAAAATAAAATAAAATAAAATAATAAAA	0		-	
dccf4fae-39e7-4ea2-97f6-f22144eed742	yes	8.1	yes	66489895	66497066	507	548	AAATAAAAATAAAATAAAAAATAAATAAATAAATAAATAAAA	0		-	
762aedaf-76e1-44b5-9793-dd9a75295b7a	yes	8.1	yes	66488291	66502525	2146	2199	AAAATAAAATAAAATAAAATAAAATAAAATAAAATAAAATAAAATAAAATAAAA	0		+	
c85cea9f-1db6-4dbc-9999-fb0a5f5e3a1e	yes	8.1	yes	66472223	66490764	18084	18126	AAATAAAATAAAATAAAATAAAATAAAATAAAATAAAATAAAA	0		-	
7052867d-5f20-442e-8b8d-8c15141e54c8	yes	8.1	yes	66484723	66490666	5704	5757	AAAATAAAATAAAATAAAATAAAATAAAATAAAATAAAATAAAATAAAATAAAA	0		+	
894ba37b-d55b-44d1-82a6-fd2e524c0f9d	yes	8.1	yes	66486457	66498877	3919	3972	AAAATAAAATAAAATAAAATAAAATAAAATAAAATAAAATAAAATAAAATAAAA	0		-	
fb223f27-e907-4e11-aeef-c2b6ad7f9019	yes	8.1	yes	66487325	66496234	3075	3116	AATAAAATAAAATAAAATAAAATAAAATAAAATAAAATAAAA	0		-	
c3616e0e-c6a4-410e-90c0-f3148859b4cd	yes	8.1	yes	66484169	66492450	6227	6280	AAAATAAAATAAAATAAAATAAAATAAAATAAAATAAAATAAAATAAAATAAAA	0		-	
3296a03b-3858-4396-a7e9-e6f454d8ec6d	yes	8.1	yes	66489923	66492631	481	522	AATAAAATAAAATAAAATAAAATAAAATAAAATAAAATAAAA	0		-	
30e447ae-f6fe-4da8-95dc-b49132fbcb6f	yes	8.1	no	NA	NA	NA	NA		1	supp	NA	no_primary_but_other_alignments
d6e0b22d-78d0-4bf0-9a75-65a87a9e2aba	yes	8.1	yes	66490254	66503857	189	242	AAAATAAAATAAAATAAAATAAAATAAAATAAAATAAAATAAAATAAAATAAAA	0		+	
9b4d81db-54ab-46b6-bd6b-eba2149fa6b2	yes	8.1	yes	66485907	66490961	4496	4549	AAAATAAAATAAAATAAAATAAAATAAAATAAAATAAAATAAAATAAAATAAAA	0		-	
